Ahmad,j2asjkdj93d9lr,panitia
Fadil,achuo3j29d932f,timses
Masda,ndjae83nfdad3d,timses
Harits,bdui28f284*,timses
Virgiano,2udu38c*&de,panitia
Dan,vdiw2ds&*,panitia
Ann,nd832dnc*,timses
Bella,bd3hbd7h?*,timses
Gary,ndi*dadev1,timses
Goofy,bce3g6**233,timses
doo,b32iufcsbk*,panitia
windah,@windah11,timses
<<<<<<< HEAD:akunAdmin.csv
udin,@udin1234,timses
ahmad,@ahmad1234,timses
alam,@alam1234,timses
u,@u1234567,timses
jason,@1010kelly,timses
dodol,123,pemilih
gugugaga,@alam1234,panitia
<<<<<<< HEAD
zahra,%12345zahra,timses
Karina,@karina1234,panitia
=======
mpweh,@mpweh1234,timses
sursur,@sursur1234,timses
thesaurus,ehsrs123*,panitia
Gom,374bduejd*,timses
gregory,37bf38fb*,panitia
>>>>>>> 411b086347e9aea8d7ccf3f29ccacf9582a79edd
